{"cameraMode":{"drawMode":0,"name":"Shaded","section":"Shading Mode"},"sceneLighting":true,"audioPlay":false,"sceneViewState":{"showFog":true,"showMaterialUpdate":false,"showSkybox":true,"showFlares":true,"showImageEffects":true,"showParticleSystems":true,"showVisualEffectGraphs":true,"m_FxEnabled":true},"in2DMode":false,"pivot":{"x":3.3568763732910158,"y":3.1734917163848879,"z":9.499126434326172},"rotation":{"x":0.030405733734369279,"y":-0.4583512842655182,"z":-0.015625864267349244,"w":-0.8881877064704895},"size":1.834442377090454,"orthographic":false}