{"cameraMode":{"drawMode":0,"name":"Shaded","section":"Shading Mode"},"sceneLighting":true,"audioPlay":false,"sceneViewState":{"showFog":true,"showMaterialUpdate":false,"showSkybox":true,"showFlares":true,"showImageEffects":true,"showParticleSystems":true,"showVisualEffectGraphs":true,"m_FxEnabled":true},"in2DMode":false,"pivot":{"x":-0.10000038146972656,"y":6.101773262023926,"z":-28.920000076293947},"rotation":{"x":-0.20603527128696443,"y":0.1943238377571106,"z":-0.041786350309848788,"w":-0.9581471681594849},"size":27.149778366088868,"orthographic":false}